{
  "Acc": 0.952,
  "Precision": 0.9481481481481482,
  "Recall": 0.8827586206896552,
  "f1": 0.9142857142857144,
  "eval_time": 978.4327502800002,
  "task_name": "geo-heter-test.json",
  "model": "Deci/DeciLM-7B",
  "method": "zero-shot",
  "data_size": 16000
}