{
  "Acc": 0.952,
  "Precision": 0.9230769230769231,
  "Recall": 0.9103448275862069,
  "f1": 0.9166666666666667,
  "eval_time": 1594.9692165810002,
  "task_name": "geo-heter-test.json",
  "model": "01-ai/Yi-34B",
  "method": "zero-shot",
  "data_size": 4000
}