{
  "Acc": 0.934,
  "Precision": 0.8333333333333334,
  "Recall": 0.9655172413793104,
  "f1": 0.8945686900958466,
  "eval_time": 1272.1486619480002,
  "task_name": "geo-heter-test.json",
  "model": "01-ai/Yi-9B",
  "method": "zero-shot",
  "data_size": 4000
}