{
  "Acc": 0.83,
  "Precision": 0.6456310679611651,
  "Recall": 0.9172413793103448,
  "f1": 0.757834757834758,
  "eval_time": 1300.085084272
}