{
  "Acc": 0.776,
  "Precision": 0.582089552238806,
  "Recall": 0.8068965517241379,
  "f1": 0.6763005780346821,
  "eval_time": 458.09619271800005
}