{
  "Acc": 0.942,
  "Precision": 0.8625,
  "Recall": 0.9517241379310345,
  "f1": 0.9049180327868853,
  "eval_time": 981.873372861,
  "task_name": "geo-heter-test.json",
  "model": "mistralai/Mistral-7B-v0.1",
  "method": "zero-shot",
  "data_size": 4000
}