{
  "Acc": 0.9426605504587156,
  "Precision": 0.676056338028169,
  "Recall": 0.96,
  "f1": 0.7933884297520661,
  "eval_time": 738.617566788
}