{
  "Acc": 0.9541284403669725,
  "Precision": 0.734375,
  "Recall": 0.94,
  "f1": 0.8245614035087719,
  "eval_time": 778.699598152
}