{
  "Acc": 0.9380733944954128,
  "Precision": 0.6575342465753424,
  "Recall": 0.96,
  "f1": 0.7804878048780488,
  "eval_time": 763.824840102
}