{
  "Acc": 0.7935779816513762,
  "Precision": 0.3,
  "Recall": 0.6,
  "f1": 0.4,
  "eval_time": 317.563293663
}