{
  "Acc": 0.9518348623853211,
  "Precision": 0.7301587301587301,
  "Recall": 0.92,
  "f1": 0.8141592920353983,
  "eval_time": 841.685274702,
  "task_name": "wdc-test.json",
  "model": "Deci/DeciLM-7B",
  "method": "zero-shot",
  "data_size": 16000
}