{
  "Acc": 0.9380733944954128,
  "Precision": 0.6716417910447762,
  "Recall": 0.9,
  "f1": 0.7692307692307693,
  "eval_time": 1121.5878414919998,
  "task_name": "wdc-test.json",
  "model": "01-ai/Yi-9B",
  "method": "zero-shot",
  "data_size": 4000
}