{
  "Acc": 0.9380733944954128,
  "Precision": 0.6666666666666666,
  "Recall": 0.92,
  "f1": 0.7731092436974789,
  "eval_time": 864.178243508,
  "task_name": "wdc-test.json",
  "model": "mistralai/Mistral-7B-v0.1",
  "method": "zero-shot",
  "data_size": 4000
}