{
  "Acc": 0.926605504587156,
  "Precision": 0.625,
  "Recall": 0.9,
  "f1": 0.7377049180327869,
  "eval_time": 757.1798016549999
}