{
  "Acc": 0.944954128440367,
  "Precision": 0.6911764705882353,
  "Recall": 0.94,
  "f1": 0.7966101694915254,
  "eval_time": 746.534806023
}