{
  "Acc": 0.9495412844036697,
  "Precision": 0.7121212121212122,
  "Recall": 0.94,
  "f1": 0.810344827586207,
  "eval_time": 1376.36575147,
  "task_name": "wdc-test.json",
  "model": "01-ai/Yi-34B",
  "method": "zero-shot",
  "data_size": 4000
}