{
  "Acc": 0.9678899082568807,
  "Precision": 0.7903225806451613,
  "Recall": 0.98,
  "f1": 0.8749999999999999,
  "eval_time": 1708.7364157490001,
  "task_name": "wdc-test.json",
  "model": "Deci/DeciLM-7B",
  "method": "zero-shot",
  "data_size": 15800
}