{
  "Acc": 0.9472477064220184,
  "Precision": 0.7142857142857143,
  "Recall": 0.9,
  "f1": 0.7964601769911505,
  "eval_time": 1262.1757916210001,
  "task_name": "wdc-test.json",
  "model": "01-ai/Yi-34B",
  "method": "zero-shot",
  "data_size": 15800
}