{
  "Acc": 0.9679633867276888,
  "Precision": 0.9774011299435028,
  "Recall": 0.9453551912568307,
  "f1": 0.961111111111111,
  "eval_time": 1113.010758573,
  "task_name": "semi-rel-test.json",
  "model": "01-ai/Yi-9B",
  "method": "zero-shot",
  "data_size": 4000
}