{
  "Acc": 0.9816933638443935,
  "Precision": 0.9781420765027322,
  "Recall": 0.9781420765027322,
  "f1": 0.9781420765027322,
  "eval_time": 1427.385498599,
  "task_name": "semi-rel-test.json",
  "model": "01-ai/Yi-34B",
  "method": "zero-shot",
  "data_size": 8000
}