{
  "Acc": 0.9794050343249427,
  "Precision": 0.978021978021978,
  "Recall": 0.9726775956284153,
  "f1": 0.9753424657534248,
  "eval_time": 880.30265222,
  "task_name": "semi-rel-test.json",
  "model": "mistralai/Mistral-7B-v0.1",
  "method": "zero-shot",
  "data_size": 4000
}