{
  "Acc": 0.9610983981693364,
  "Precision": 0.9825581395348837,
  "Recall": 0.9234972677595629,
  "f1": 0.9521126760563381,
  "eval_time": 859.457960015,
  "task_name": "semi-rel-test.json",
  "model": "Deci/DeciLM-7B",
  "method": "zero-shot",
  "data_size": 16000
}