{
  "Acc": 0.972,
  "Precision": 0.9340659340659341,
  "Recall": 0.9139784946236559,
  "f1": 0.9239130434782609,
  "eval_time": 1259.164682604,
  "task_name": "semi-homo-test.json",
  "model": "01-ai/Yi-9B",
  "method": "zero-shot",
  "data_size": 4000
}