{
  "Acc": 0.982,
  "Precision": 0.9772727272727273,
  "Recall": 0.9247311827956989,
  "f1": 0.9502762430939227,
  "eval_time": 2236.181352965,
  "task_name": "semi-homo-test.json",
  "model": "Deci/DeciLM-7B",
  "method": "zero-shot",
  "data_size": 15800
}