{
  "Acc": 0.976,
  "Precision": 0.9175257731958762,
  "Recall": 0.956989247311828,
  "f1": 0.9368421052631579,
  "eval_time": 1721.1546673540001,
  "task_name": "semi-homo-test.json",
  "model": "Deci/DeciLM-7B",
  "method": "zero-shot",
  "data_size": 16000
}