{
  "Acc": 0.98,
  "Precision": 0.9560439560439561,
  "Recall": 0.9354838709677419,
  "f1": 0.9456521739130435,
  "eval_time": 1637.760857545,
  "task_name": "semi-homo-test.json",
  "model": "01-ai/Yi-34B",
  "method": "zero-shot",
  "data_size": 4000
}