{
  "Acc": 0.956,
  "Precision": 0.7843137254901961,
  "Recall": 0.7843137254901961,
  "f1": 0.7843137254901961,
  "eval_time": 1986.552594969,
  "task_name": "amazon-google-test.json",
  "model": "upstage/SOLAR-10.7B-v1.0",
  "method": "zero-shot",
  "data_size": 10000
}