{
  "Acc": 0.96,
  "Precision": 0.8297872340425532,
  "Recall": 0.7647058823529411,
  "f1": 0.7959183673469387,
  "eval_time": 2039.3143392769998,
  "task_name": "amazon-google-test.json",
  "model": "Deci/DeciLM-7B",
  "method": "zero-shot",
  "data_size": 15800
}