{
  "Acc": 0.963302752293578,
  "Precision": 0.896551724137931,
  "Recall": 0.9629629629629629,
  "f1": 0.9285714285714286,
  "eval_time": 282.128030612
}