{
  "Acc": 0.9541062801932367,
  "Precision": 0.9794520547945206,
  "Recall": 0.89937106918239,
  "f1": 0.9377049180327869,
  "eval_time": 734.224982171,
  "task_name": "semi-heter-narayan-test.json",
  "model": "mistralai/Mistral-7B-v0.1",
  "method": "zero-shot",
  "data_size": 16000
}