{
  "Acc": 0.9830917874396136,
  "Precision": 1.0,
  "Recall": 0.9559748427672956,
  "f1": 0.977491961414791,
  "eval_time": 723.58826686
}