{
  "Acc": 0.961352657004831,
  "Precision": 0.9673202614379085,
  "Recall": 0.9308176100628931,
  "f1": 0.9487179487179488,
  "eval_time": 815.4922823879999,
  "task_name": "semi-heter-test.json",
  "model": "Deci/DeciLM-7B",
  "method": "zero-shot",
  "data_size": 16000
}