{
  "Acc": 0.572463768115942,
  "Precision": 0.46511627906976744,
  "Recall": 0.7547169811320755,
  "f1": 0.5755395683453238,
  "eval_time": 626.816241989
}