{
  "Acc": 0.9758454106280193,
  "Precision": 0.9685534591194969,
  "Recall": 0.9685534591194969,
  "f1": 0.9685534591194969,
  "eval_time": 1373.624052888,
  "task_name": "semi-heter-test.json",
  "model": "01-ai/Yi-34B",
  "method": "zero-shot",
  "data_size": 15800
}