{
  "Acc": 0.966183574879227,
  "Precision": 0.9341317365269461,
  "Recall": 0.9811320754716981,
  "f1": 0.9570552147239264,
  "eval_time": 1065.225216715,
  "task_name": "semi-heter-test.json",
  "model": "01-ai/Yi-9B",
  "method": "zero-shot",
  "data_size": 4000
}